
	<!DOCTYPE project [
		<!ELEMENT project (objectids-table | current-scenario | duration | aggregation-period | truncated-mean | percentile)* >
	
		<!ELEMENT objectids-table (objectids-entry)* >
		<!ELEMENT objectids-entry (#PCDATA)>
		<!ELEMENT duration (#PCDATA)>
		<!ELEMENT truncated-mean (#PCDATA)>
		<!ELEMENT percentile (#PCDATA)>
		<!ELEMENT aggregation-period (#PCDATA)>
		<!ELEMENT current-scenario (#PCDATA)>
		<!ATTLIST duration
		    value CDATA #REQUIRED>
	    <!ATTLIST aggregation-period
		    value CDATA #REQUIRED>
		<!ATTLIST objectids-entry
		    objectid CDATA #REQUIRED
		    type CDATA #REQUIRED
		    value CDATA #REQUIRED
		    key CDATA #REQUIRED>
		<!ATTLIST truncated-mean
		    centered-interval CDATA #REQUIRED
		    percentage CDATA #REQUIRED>
		 <!ATTLIST percentile
		    percentage CDATA #REQUIRED>
	]>


<!--****** RUNTIME PROJECT ******--><project>
<!--****** CURRENT SCENARIO ******-->
<current-scenario>scenario1</current-scenario>
<!--****** OBJECTIDS ******-->
<objectids-table>
<objectids-entry key="" objectid="0" type="LG_HOST" value="localhost:7100"/>
<objectids-entry key="" objectid="1" type="ZONE" value="Default zone"/>
<objectids-entry key="Default zone¤web¤" objectid="2" type="POPULATION" value="web"/>
<objectids-entry key="Default zone¤web¤product_booking_flow" objectid="3" type="VIRTUAL_USER" value="product_booking_flow"/>
<objectids-entry key="Default zone¤web¤product_booking_flow" objectid="4" type="BASIC_LOGICAL_CONTAINER" value="$parent=product_booking_flow;$index=0"/>
<objectids-entry key="Default zone¤web¤product_booking_flow" objectid="5" type="BASIC_LOGICAL_CONTAINER" value="$parent=product_booking_flow;$index=1"/>
<objectids-entry key="Default zone¤web¤product_booking_flow" objectid="6" type="BASIC_LOGICAL_CONTAINER" value="380ec51d-62c7-44b2-bc64-2266bd9b1840"/>
<objectids-entry key="Default zone¤web¤product_booking_flow" objectid="7" type="HTTP_PAGE" value="a8c2a1fe-9e69-4acf-8b69-1957e0b1789d"/>
<objectids-entry key="Default zone¤web¤product_booking_flow" objectid="8" type="ACTION" value="de5ecb26-bc1b-4142-addb-e0710de8365d"/>
<objectids-entry key="Default zone¤web¤product_booking_flow" objectid="9" type="DELAY" value="18cf860b-927a-4927-9be5-567fa021c57f"/>
<objectids-entry key="Default zone¤web¤product_booking_flow" objectid="10" type="BASIC_LOGICAL_CONTAINER" value="ef99de27-1518-482c-8628-10d6167aa70a"/>
<objectids-entry key="Default zone¤web¤product_booking_flow" objectid="11" type="HTTP_PAGE" value="42e5fd80-b5ed-4cd7-baf0-7f11c75b0c16"/>
<objectids-entry key="Default zone¤web¤product_booking_flow" objectid="12" type="ACTION" value="4bfcdcd9-2a7f-4937-9022-33b57374d067"/>
<objectids-entry key="Default zone¤web¤product_booking_flow" objectid="13" type="DELAY" value="915a395c-07c4-464a-97ca-d3da51c71b96"/>
<objectids-entry key="Default zone¤web¤product_booking_flow" objectid="14" type="BASIC_LOGICAL_CONTAINER" value="1f112d2a-23d5-40be-8e63-6f83b833a84d"/>
<objectids-entry key="Default zone¤web¤product_booking_flow" objectid="15" type="HTTP_PAGE" value="368dd207-d767-41b0-83e2-3aa53bbd98f8"/>
<objectids-entry key="Default zone¤web¤product_booking_flow" objectid="16" type="ACTION" value="f90cc752-b5d8-49eb-a023-a8e293a992bd"/>
<objectids-entry key="Default zone¤web¤product_booking_flow" objectid="17" type="ACTION" value="1466a592-5beb-457e-93a1-35e031bee6ea"/>
<objectids-entry key="Default zone¤web¤product_booking_flow" objectid="18" type="ACTION" value="b7beb114-6603-4baa-b9c1-86a131dd87a7"/>
<objectids-entry key="Default zone¤web¤product_booking_flow" objectid="19" type="DELAY" value="66dd845c-5929-4b75-9d9f-c220634fbd2b"/>
<objectids-entry key="Default zone¤web¤product_booking_flow" objectid="20" type="LOOP" value="64baae94-7cde-4459-814e-26e54d7ede9e"/>
<objectids-entry key="Default zone¤web¤product_booking_flow" objectid="21" type="BASIC_LOGICAL_CONTAINER" value="3d33e15d-f361-4005-9e52-c01eec41ff7d"/>
<objectids-entry key="Default zone¤web¤product_booking_flow" objectid="22" type="HTTP_PAGE" value="84becc6e-4c22-420f-816e-aab4cc97f027"/>
<objectids-entry key="Default zone¤web¤product_booking_flow" objectid="23" type="DELAY" value="56a3253c-8378-4448-9789-d55a7abf6137"/>
<objectids-entry key="Default zone¤web¤product_booking_flow" objectid="24" type="BASIC_LOGICAL_CONTAINER" value="fb8d0fd2-cdef-48d4-bcfb-4be6363b8b2b"/>
<objectids-entry key="Default zone¤web¤product_booking_flow" objectid="25" type="HTTP_PAGE" value="b5127289-37ae-435c-8bdb-026532f4ed1a"/>
<objectids-entry key="Default zone¤web¤product_booking_flow" objectid="26" type="ACTION" value="ec3470b0-2411-4437-a84e-797d411427d4"/>
<objectids-entry key="Default zone¤web¤product_booking_flow" objectid="27" type="DELAY" value="0ac69117-73f5-47a9-90eb-cb4939ca52de"/>
<objectids-entry key="Default zone¤web¤product_booking_flow" objectid="28" type="BASIC_LOGICAL_CONTAINER" value="4a916bb8-ef56-4445-badc-cbf10cd09be8"/>
<objectids-entry key="Default zone¤web¤product_booking_flow" objectid="29" type="HTTP_PAGE" value="5453c5e2-e662-4ac0-aa19-f9bc5be7e156"/>
<objectids-entry key="Default zone¤web¤product_booking_flow" objectid="30" type="ACTION" value="4f5531ae-940e-42f6-9c06-b870b3f992a3"/>
<objectids-entry key="Default zone¤web¤product_booking_flow" objectid="31" type="DELAY" value="ff60a7a7-1170-4af6-b8c5-317c04d37089"/>
<objectids-entry key="Default zone¤web¤product_booking_flow" objectid="32" type="WHILE" value="29a20d30-1aeb-4ceb-ae55-3b50f0fc7482"/>
<objectids-entry key="Default zone¤web¤product_booking_flow" objectid="33" type="BASIC_LOGICAL_CONTAINER" value="507c05ba-2011-4ad4-9cc7-7fa844b0489e"/>
<objectids-entry key="Default zone¤web¤product_booking_flow" objectid="34" type="HTTP_PAGE" value="bce1d130-f050-4362-bf38-eab69aa6209b"/>
<objectids-entry key="Default zone¤web¤product_booking_flow" objectid="35" type="ACTION" value="918c0d51-bd78-491d-8371-9fb89d5dbf40"/>
<objectids-entry key="Default zone¤web¤product_booking_flow" objectid="36" type="DELAY" value="e6612df6-4a03-43ab-bf63-2c090c03655c"/>
<objectids-entry key="Default zone¤web¤product_booking_flow" objectid="37" type="BASIC_LOGICAL_CONTAINER" value="6ebcbae2-c106-45fe-9aa4-86a470a3cd84"/>
<objectids-entry key="Default zone¤web¤product_booking_flow" objectid="38" type="HTTP_PAGE" value="6541d51d-eb7e-4524-9494-70c3e92f482c"/>
<objectids-entry key="Default zone¤web¤product_booking_flow" objectid="39" type="ACTION" value="4955bed1-e015-4f8e-9244-2fc758acf0c0"/>
<objectids-entry key="Default zone¤web¤product_booking_flow" objectid="40" type="DELAY" value="2379777f-6431-4f11-a1b1-72f5703035cd"/>
<objectids-entry key="Default zone¤web¤product_booking_flow" objectid="41" type="BASIC_LOGICAL_CONTAINER" value="5ab4d2e4-65cb-4752-af16-79d58378aea2"/>
<objectids-entry key="Default zone¤web¤product_booking_flow" objectid="42" type="HTTP_PAGE" value="d69a976f-55e1-41cf-bdf5-493ddf2a1283"/>
<objectids-entry key="Default zone¤web¤product_booking_flow" objectid="43" type="ACTION" value="37861d4e-667a-4d79-8c6a-4f43863b6a59"/>
<objectids-entry key="Default zone¤web¤product_booking_flow" objectid="44" type="DELAY" value="895ab2a7-548d-4ac8-98aa-22f799e089fb"/>
<objectids-entry key="Default zone¤web¤product_booking_flow" objectid="45" type="BASIC_LOGICAL_CONTAINER" value="555d0864-2b50-4ae2-8062-081c7dfc0cf3"/>
<objectids-entry key="Default zone¤web¤product_booking_flow" objectid="46" type="HTTP_PAGE" value="1ff699f3-69dd-4600-87f1-47da9bc7b661"/>
<objectids-entry key="Default zone¤web¤product_booking_flow" objectid="47" type="ACTION" value="dc337afd-32c3-4451-9bd8-c09c8b5fab35"/>
<objectids-entry key="Default zone¤web¤product_booking_flow" objectid="48" type="DELAY" value="15ec2b41-f4ab-4681-a244-4efd2aa68616"/>
<objectids-entry key="Default zone¤web¤product_booking_flow" objectid="49" type="BASIC_LOGICAL_CONTAINER" value="071a90c2-1b1f-4d81-b4a5-4d9f3db2331e"/>
<objectids-entry key="Default zone¤web¤product_booking_flow" objectid="50" type="HTTP_PAGE" value="4b9665cd-6629-4786-9331-2ca2cbc8792e"/>
<objectids-entry key="Default zone¤web¤product_booking_flow" objectid="51" type="ACTION" value="b3248b43-eb8a-4997-a7ae-f215fe26a77b"/>
<objectids-entry key="Default zone¤web¤product_booking_flow" objectid="52" type="ACTION" value="9af1f0fb-4656-4b8a-9473-27c4cedc47ac"/>
<objectids-entry key="Default zone¤web¤product_booking_flow" objectid="53" type="BASIC_LOGICAL_CONTAINER" value="$parent=product_booking_flow;$index=2"/>
<objectids-entry key="Default zone¤web¤sign_in_out" objectid="54" type="VIRTUAL_USER" value="sign_in_out"/>
<objectids-entry key="Default zone¤web¤sign_in_out" objectid="55" type="BASIC_LOGICAL_CONTAINER" value="$parent=sign_in_out;$index=0"/>
<objectids-entry key="Default zone¤web¤sign_in_out" objectid="56" type="BASIC_LOGICAL_CONTAINER" value="$parent=sign_in_out;$index=1"/>
<objectids-entry key="Default zone¤web¤sign_in_out" objectid="57" type="BASIC_LOGICAL_CONTAINER" value="4ebd0f6a-b17a-420a-ab6b-4f1879bfe70f"/>
<objectids-entry key="Default zone¤web¤sign_in_out" objectid="58" type="DELAY" value="90703045-c2e5-427f-89ab-60459f13cf74"/>
<objectids-entry key="Default zone¤web¤sign_in_out" objectid="59" type="BASIC_LOGICAL_CONTAINER" value="16f9b66f-b15c-47b7-aabe-a82d9dbf237b"/>
<objectids-entry key="Default zone¤web¤sign_in_out" objectid="60" type="DELAY" value="b205a777-534c-44d1-8be9-e9617987ccab"/>
<objectids-entry key="Default zone¤web¤sign_in_out" objectid="61" type="BASIC_LOGICAL_CONTAINER" value="f5fb0ee4-45c2-404f-a426-e705179ed2c4"/>
<objectids-entry key="Default zone¤web¤sign_in_out" objectid="62" type="HTTP_PAGE" value="e05132b1-e56c-4ad4-9f77-8d5c2b34312e"/>
<objectids-entry key="Default zone¤web¤sign_in_out" objectid="63" type="ACTION" value="f8348e33-f681-4eac-af88-52b78ae99956"/>
<objectids-entry key="Default zone¤web¤sign_in_out" objectid="64" type="DELAY" value="24af0449-fa7c-4840-970e-7505783bb554"/>
<objectids-entry key="Default zone¤web¤sign_in_out" objectid="65" type="BASIC_LOGICAL_CONTAINER" value="b9cecd32-3195-429b-a310-386aca67ca60"/>
<objectids-entry key="Default zone¤web¤sign_in_out" objectid="66" type="HTTP_PAGE" value="699fc343-6ad0-49da-b71a-3c27624ac171"/>
<objectids-entry key="Default zone¤web¤sign_in_out" objectid="67" type="ACTION" value="f829dd2c-af45-486c-b8c6-caa70b620f55"/>
<objectids-entry key="Default zone¤web¤sign_in_out" objectid="68" type="DELAY" value="1f77a48e-791f-4923-a3d0-d478f405ff80"/>
<objectids-entry key="Default zone¤web¤sign_in_out" objectid="69" type="BASIC_LOGICAL_CONTAINER" value="5a179f17-e7c5-4ef1-b1ae-47834d39f783"/>
<objectids-entry key="Default zone¤web¤sign_in_out" objectid="70" type="HTTP_PAGE" value="5e6608c0-397c-49d1-98d1-2facba775d70"/>
<objectids-entry key="Default zone¤web¤sign_in_out" objectid="71" type="ACTION" value="21980a93-4faa-43f9-ae8a-73321445c7a2"/>
<objectids-entry key="Default zone¤web¤sign_in_out" objectid="72" type="ACTION" value="19ffb6b5-20da-4605-af9f-3895acfa561e"/>
<objectids-entry key="Default zone¤web¤sign_in_out" objectid="73" type="DELAY" value="bfab1310-80e9-4a6f-938e-18d251b3d4fa"/>
<objectids-entry key="Default zone¤web¤sign_in_out" objectid="74" type="BASIC_LOGICAL_CONTAINER" value="db65073f-5e01-449b-b956-6d64f9ba2b8c"/>
<objectids-entry key="Default zone¤web¤sign_in_out" objectid="75" type="HTTP_PAGE" value="d69903f1-e35d-4d25-94f1-1c1c97ad260f"/>
<objectids-entry key="Default zone¤web¤sign_in_out" objectid="76" type="ACTION" value="9ef5822d-66a2-49a5-9dda-f1d2dbd073b6"/>
<objectids-entry key="Default zone¤web¤sign_in_out" objectid="77" type="ACTION" value="7d01ed78-d7e8-439d-8b8f-10052050607e"/>
<objectids-entry key="Default zone¤web¤sign_in_out" objectid="78" type="BASIC_LOGICAL_CONTAINER" value="$parent=sign_in_out;$index=2"/>
<objectids-entry key="Default zone¤web¤addto_cart_flow" objectid="79" type="VIRTUAL_USER" value="addto_cart_flow"/>
<objectids-entry key="Default zone¤web¤addto_cart_flow" objectid="80" type="BASIC_LOGICAL_CONTAINER" value="$parent=addto_cart_flow;$index=0"/>
<objectids-entry key="Default zone¤web¤addto_cart_flow" objectid="81" type="BASIC_LOGICAL_CONTAINER" value="$parent=addto_cart_flow;$index=1"/>
<objectids-entry key="Default zone¤web¤addto_cart_flow" objectid="82" type="BASIC_LOGICAL_CONTAINER" value="be19f935-15a0-49f9-91b5-cccea652837f"/>
<objectids-entry key="Default zone¤web¤addto_cart_flow" objectid="83" type="HTTP_PAGE" value="bbdb9d92-0180-4999-aba3-a9f88e35e783"/>
<objectids-entry key="Default zone¤web¤addto_cart_flow" objectid="84" type="ACTION" value="a3d0cfef-782e-4b4b-80ea-f11247978847"/>
<objectids-entry key="Default zone¤web¤addto_cart_flow" objectid="85" type="DELAY" value="bbe15eb3-ce5a-416e-b91e-0b9700fb70d3"/>
<objectids-entry key="Default zone¤web¤addto_cart_flow" objectid="86" type="BASIC_LOGICAL_CONTAINER" value="6f98f0e7-44a9-4175-842c-4ee9d329879a"/>
<objectids-entry key="Default zone¤web¤addto_cart_flow" objectid="87" type="HTTP_PAGE" value="d2df8feb-7f32-49e6-8050-b49216f75598"/>
<objectids-entry key="Default zone¤web¤addto_cart_flow" objectid="88" type="ACTION" value="cde8540f-0757-4fd5-be46-4309929ebdbc"/>
<objectids-entry key="Default zone¤web¤addto_cart_flow" objectid="89" type="DELAY" value="f6077274-c967-4762-abd4-43ea371beb30"/>
<objectids-entry key="Default zone¤web¤addto_cart_flow" objectid="90" type="BASIC_LOGICAL_CONTAINER" value="bbf4b341-ad5b-457c-ae64-412d3e5f0fd3"/>
<objectids-entry key="Default zone¤web¤addto_cart_flow" objectid="91" type="HTTP_PAGE" value="3c073651-6bd1-480c-a63a-d2cfab3e62dd"/>
<objectids-entry key="Default zone¤web¤addto_cart_flow" objectid="92" type="ACTION" value="f693e5b8-173b-4f5b-bd6a-0f2ec792163a"/>
<objectids-entry key="Default zone¤web¤addto_cart_flow" objectid="93" type="ACTION" value="8b651cae-a2cc-4919-b88a-894c7f71b431"/>
<objectids-entry key="Default zone¤web¤addto_cart_flow" objectid="94" type="DELAY" value="e6f6d523-4212-45e0-9f21-bc10e8350842"/>
<objectids-entry key="Default zone¤web¤addto_cart_flow" objectid="95" type="BASIC_LOGICAL_CONTAINER" value="841816a4-6698-4994-a55a-13ce6d84edf7"/>
<objectids-entry key="Default zone¤web¤addto_cart_flow" objectid="96" type="HTTP_PAGE" value="7947b913-4702-412b-af79-aaa7b91c61b4"/>
<objectids-entry key="Default zone¤web¤addto_cart_flow" objectid="97" type="ACTION" value="a42d9c60-7484-4748-aacc-df8ee8d0af45"/>
<objectids-entry key="Default zone¤web¤addto_cart_flow" objectid="98" type="DELAY" value="82aed350-a5ef-4812-9af3-82baef3a91ef"/>
<objectids-entry key="Default zone¤web¤addto_cart_flow" objectid="99" type="BASIC_LOGICAL_CONTAINER" value="507c82eb-0870-4c8a-8125-fa2c08190a6f"/>
<objectids-entry key="Default zone¤web¤addto_cart_flow" objectid="100" type="HTTP_PAGE" value="a91655ad-df4c-44cc-87b2-2fa3e627f9f0"/>
<objectids-entry key="Default zone¤web¤addto_cart_flow" objectid="101" type="ACTION" value="6a8ef3c1-9a34-46c5-859f-f9733f1f5dd8"/>
<objectids-entry key="Default zone¤web¤addto_cart_flow" objectid="102" type="DELAY" value="025b2159-b00f-44a1-ad6c-633cc42ac85c"/>
<objectids-entry key="Default zone¤web¤addto_cart_flow" objectid="103" type="BASIC_LOGICAL_CONTAINER" value="5723c573-6f49-49b7-bbd5-fecc652b80ea"/>
<objectids-entry key="Default zone¤web¤addto_cart_flow" objectid="104" type="HTTP_PAGE" value="cba99a92-1093-47aa-8e8e-85c2d110d7ad"/>
<objectids-entry key="Default zone¤web¤addto_cart_flow" objectid="105" type="ACTION" value="e55073ec-5ce5-4dae-88ce-7caa06c094aa"/>
<objectids-entry key="Default zone¤web¤addto_cart_flow" objectid="106" type="DELAY" value="2f6833fb-b6e0-40a4-aa64-2ffce8c8b464"/>
<objectids-entry key="Default zone¤web¤addto_cart_flow" objectid="107" type="IF" value="33cd8ac9-03d5-4cd0-add0-722648b4a85b"/>
<objectids-entry key="Default zone¤web¤addto_cart_flow" objectid="108" type="BASIC_LOGICAL_CONTAINER" value="$parent=33cd8ac9-03d5-4cd0-add0-722648b4a85b;$index=0"/>
<objectids-entry key="Default zone¤web¤addto_cart_flow" objectid="109" type="BASIC_LOGICAL_CONTAINER" value="73579935-18a8-4316-b82f-a453f87b64ba"/>
<objectids-entry key="Default zone¤web¤addto_cart_flow" objectid="110" type="HTTP_PAGE" value="cede92e0-8071-4c3a-907d-6c2ff560e27c"/>
<objectids-entry key="Default zone¤web¤addto_cart_flow" objectid="111" type="ACTION" value="62baf2ab-f70e-40d8-a50c-a7d633b13f11"/>
<objectids-entry key="Default zone¤web¤addto_cart_flow" objectid="112" type="DELAY" value="e6871782-ec3c-4739-8ff4-1dfbc13e39d8"/>
<objectids-entry key="Default zone¤web¤addto_cart_flow" objectid="113" type="BASIC_LOGICAL_CONTAINER" value="e8c4a72f-943d-4221-ab20-11db9e3fa4d7"/>
<objectids-entry key="Default zone¤web¤addto_cart_flow" objectid="114" type="HTTP_PAGE" value="028e5164-8eeb-4ac9-b3f3-904c85481a22"/>
<objectids-entry key="Default zone¤web¤addto_cart_flow" objectid="115" type="ACTION" value="289099ec-26a1-44d9-8bf5-7dab2cd6f999"/>
<objectids-entry key="Default zone¤web¤addto_cart_flow" objectid="116" type="DELAY" value="d9dc3f19-34e0-4359-a096-c87d6c809cc3"/>
<objectids-entry key="Default zone¤web¤addto_cart_flow" objectid="117" type="BASIC_LOGICAL_CONTAINER" value="$parent=33cd8ac9-03d5-4cd0-add0-722648b4a85b;$index=1"/>
<objectids-entry key="Default zone¤web¤addto_cart_flow" objectid="118" type="BASIC_LOGICAL_CONTAINER" value="ca46bf35-831e-44b2-a984-0823eda78c38"/>
<objectids-entry key="Default zone¤web¤addto_cart_flow" objectid="119" type="HTTP_PAGE" value="36e309ff-4494-4848-a738-f703c5f14d6c"/>
<objectids-entry key="Default zone¤web¤addto_cart_flow" objectid="120" type="ACTION" value="50130e71-4367-46b3-b402-858d03b29394"/>
<objectids-entry key="Default zone¤web¤addto_cart_flow" objectid="121" type="ACTION" value="e4f9f9d1-f429-4918-a3de-a790624628ec"/>
<objectids-entry key="Default zone¤web¤addto_cart_flow" objectid="122" type="BASIC_LOGICAL_CONTAINER" value="$parent=addto_cart_flow;$index=2"/>
<objectids-entry key="Default zone¤web¤profile_update" objectid="123" type="VIRTUAL_USER" value="profile_update"/>
<objectids-entry key="Default zone¤web¤profile_update" objectid="124" type="BASIC_LOGICAL_CONTAINER" value="$parent=profile_update;$index=0"/>
<objectids-entry key="Default zone¤web¤profile_update" objectid="125" type="BASIC_LOGICAL_CONTAINER" value="$parent=profile_update;$index=1"/>
<objectids-entry key="Default zone¤web¤profile_update" objectid="126" type="BASIC_LOGICAL_CONTAINER" value="95599fc9-2343-42ea-b886-a2374db3dcbe"/>
<objectids-entry key="Default zone¤web¤profile_update" objectid="127" type="HTTP_PAGE" value="acfe5f86-5484-4e78-9c20-0fe700e44432"/>
<objectids-entry key="Default zone¤web¤profile_update" objectid="128" type="ACTION" value="8708ba93-5c13-4f80-a517-f7097922d131"/>
<objectids-entry key="Default zone¤web¤profile_update" objectid="129" type="DELAY" value="2edd856f-b683-41c3-8ca0-952e8a8c5400"/>
<objectids-entry key="Default zone¤web¤profile_update" objectid="130" type="BASIC_LOGICAL_CONTAINER" value="33f5ba5d-cbd5-46b1-845c-d4d2dde0a1c4"/>
<objectids-entry key="Default zone¤web¤profile_update" objectid="131" type="HTTP_PAGE" value="17e801b4-db79-44d1-8ddb-caf48f355afa"/>
<objectids-entry key="Default zone¤web¤profile_update" objectid="132" type="ACTION" value="bb2bbe67-207c-4ff7-8b09-2f1f124e0b86"/>
<objectids-entry key="Default zone¤web¤profile_update" objectid="133" type="DELAY" value="0f96e170-f844-4adf-8664-71169038a8e8"/>
<objectids-entry key="Default zone¤web¤profile_update" objectid="134" type="BASIC_LOGICAL_CONTAINER" value="900f6157-4285-4421-9c48-bc7321907cd4"/>
<objectids-entry key="Default zone¤web¤profile_update" objectid="135" type="HTTP_PAGE" value="95d32fd5-fa1b-46f4-8e28-dadff4ce40a3"/>
<objectids-entry key="Default zone¤web¤profile_update" objectid="136" type="ACTION" value="daa8a1a6-27d9-4c1a-b796-2ef5ada3c9d2"/>
<objectids-entry key="Default zone¤web¤profile_update" objectid="137" type="ACTION" value="ce4ed292-8986-4454-bf5a-691fd9f4d35a"/>
<objectids-entry key="Default zone¤web¤profile_update" objectid="138" type="DELAY" value="4bee9ca0-8d21-4208-bb6a-0225786fd2fe"/>
<objectids-entry key="Default zone¤web¤profile_update" objectid="139" type="BASIC_LOGICAL_CONTAINER" value="af708a60-28d4-4716-b890-1aea0b9ec7a5"/>
<objectids-entry key="Default zone¤web¤profile_update" objectid="140" type="HTTP_PAGE" value="8abb84cb-fdff-48bf-bc29-cc6cbe4c1cfc"/>
<objectids-entry key="Default zone¤web¤profile_update" objectid="141" type="ACTION" value="d3abf070-d711-4fee-8a7b-3b46ee7975f4"/>
<objectids-entry key="Default zone¤web¤profile_update" objectid="142" type="DELAY" value="b4da7533-7383-43ee-8ce2-af817560c75b"/>
<objectids-entry key="Default zone¤web¤profile_update" objectid="143" type="BASIC_LOGICAL_CONTAINER" value="5b35ce99-275e-4af8-bde8-171a26e3cff2"/>
<objectids-entry key="Default zone¤web¤profile_update" objectid="144" type="HTTP_PAGE" value="421d058f-36f9-431e-8e37-655917a73d65"/>
<objectids-entry key="Default zone¤web¤profile_update" objectid="145" type="ACTION" value="edcb1b25-7c2a-4a9e-bbf5-118bfaa57787"/>
<objectids-entry key="Default zone¤web¤profile_update" objectid="146" type="DELAY" value="9ec9d957-701e-416d-8e2e-ceeafdb8cbae"/>
<objectids-entry key="Default zone¤web¤profile_update" objectid="147" type="BASIC_LOGICAL_CONTAINER" value="589d66a3-4188-4ae8-879d-63386ffc0cc9"/>
<objectids-entry key="Default zone¤web¤profile_update" objectid="148" type="HTTP_PAGE" value="93bd18ea-e4bd-4750-a7b8-609649f6319d"/>
<objectids-entry key="Default zone¤web¤profile_update" objectid="149" type="ACTION" value="d8e7e789-1532-45b6-9bc1-04fa48c5d5e6"/>
<objectids-entry key="Default zone¤web¤profile_update" objectid="150" type="ACTION" value="cd039496-ce5f-4ef1-8c88-69b73f428ebd"/>
<objectids-entry key="Default zone¤web¤profile_update" objectid="151" type="BASIC_LOGICAL_CONTAINER" value="$parent=profile_update;$index=2"/>
<objectids-entry key="Default zone¤web¤checking_order_info" objectid="152" type="VIRTUAL_USER" value="checking_order_info"/>
<objectids-entry key="Default zone¤web¤checking_order_info" objectid="153" type="BASIC_LOGICAL_CONTAINER" value="$parent=checking_order_info;$index=0"/>
<objectids-entry key="Default zone¤web¤checking_order_info" objectid="154" type="BASIC_LOGICAL_CONTAINER" value="$parent=checking_order_info;$index=1"/>
<objectids-entry key="Default zone¤web¤checking_order_info" objectid="155" type="BASIC_LOGICAL_CONTAINER" value="1b23366f-473c-49fe-a1ed-0c6bc4f27077"/>
<objectids-entry key="Default zone¤web¤checking_order_info" objectid="156" type="HTTP_PAGE" value="a763077c-e19b-440a-a26d-2e6c884df7ef"/>
<objectids-entry key="Default zone¤web¤checking_order_info" objectid="157" type="ACTION" value="7ccca491-7a2a-4ca4-9721-11dbdc46077d"/>
<objectids-entry key="Default zone¤web¤checking_order_info" objectid="158" type="DELAY" value="aeaf36d8-83e2-4f37-9339-6ab2838b70dd"/>
<objectids-entry key="Default zone¤web¤checking_order_info" objectid="159" type="BASIC_LOGICAL_CONTAINER" value="f7ade515-6c83-4ffb-9105-f375055138bc"/>
<objectids-entry key="Default zone¤web¤checking_order_info" objectid="160" type="HTTP_PAGE" value="585e8b17-9aee-47af-b0fc-9c38210d5763"/>
<objectids-entry key="Default zone¤web¤checking_order_info" objectid="161" type="ACTION" value="60ea1dea-5d85-4e9a-9784-618f32e816d7"/>
<objectids-entry key="Default zone¤web¤checking_order_info" objectid="162" type="DELAY" value="b1692c88-8528-4d20-95aa-20bb7121bed8"/>
<objectids-entry key="Default zone¤web¤checking_order_info" objectid="163" type="BASIC_LOGICAL_CONTAINER" value="be5a5ce1-5c72-47a3-9a06-15983ee2f83e"/>
<objectids-entry key="Default zone¤web¤checking_order_info" objectid="164" type="HTTP_PAGE" value="e8f968c0-c8a0-446b-be11-cfd738037c20"/>
<objectids-entry key="Default zone¤web¤checking_order_info" objectid="165" type="ACTION" value="2aed24b4-b10d-426f-b0c8-f409ca9894e3"/>
<objectids-entry key="Default zone¤web¤checking_order_info" objectid="166" type="ACTION" value="b41fa9e9-a724-4368-970b-89cd2f9717fd"/>
<objectids-entry key="Default zone¤web¤checking_order_info" objectid="167" type="DELAY" value="26425054-c495-446d-8e2c-b09e26af15d7"/>
<objectids-entry key="Default zone¤web¤checking_order_info" objectid="168" type="BASIC_LOGICAL_CONTAINER" value="40a4cf9e-b4c5-4cbb-b304-5cbd20f17ba4"/>
<objectids-entry key="Default zone¤web¤checking_order_info" objectid="169" type="HTTP_PAGE" value="9667036d-6a1f-43fd-8030-d765eb8f4320"/>
<objectids-entry key="Default zone¤web¤checking_order_info" objectid="170" type="ACTION" value="981e2b41-8daf-4912-bb96-1272165b0a1c"/>
<objectids-entry key="Default zone¤web¤checking_order_info" objectid="171" type="DELAY" value="9bb5089e-6e57-4660-89dc-00414d6c6672"/>
<objectids-entry key="Default zone¤web¤checking_order_info" objectid="172" type="BASIC_LOGICAL_CONTAINER" value="cf4bf8a1-8654-4558-ae8b-347d6f4256ad"/>
<objectids-entry key="Default zone¤web¤checking_order_info" objectid="173" type="HTTP_PAGE" value="bd333cc6-67bb-43d4-91f5-b262ce58ea8d"/>
<objectids-entry key="Default zone¤web¤checking_order_info" objectid="174" type="ACTION" value="ea9117cb-fde1-48bb-a4b5-dfd221946a7a"/>
<objectids-entry key="Default zone¤web¤checking_order_info" objectid="175" type="DELAY" value="a155f730-2d77-4704-a0d4-8b487b2e0df4"/>
<objectids-entry key="Default zone¤web¤checking_order_info" objectid="176" type="BASIC_LOGICAL_CONTAINER" value="4c5b86e6-d847-4b04-9328-ee68a0d6b5d8"/>
<objectids-entry key="Default zone¤web¤checking_order_info" objectid="177" type="HTTP_PAGE" value="0d4ad9e4-4a97-4b4f-9b76-ca9198e6bd18"/>
<objectids-entry key="Default zone¤web¤checking_order_info" objectid="178" type="ACTION" value="86306609-d250-45ee-94fc-2292aace90e9"/>
<objectids-entry key="Default zone¤web¤checking_order_info" objectid="179" type="DELAY" value="6a18dfab-efe9-4355-82c6-4ae7de0d3378"/>
<objectids-entry key="Default zone¤web¤checking_order_info" objectid="180" type="BASIC_LOGICAL_CONTAINER" value="87176fb6-b7c6-487c-af88-86114ea8453a"/>
<objectids-entry key="Default zone¤web¤checking_order_info" objectid="181" type="HTTP_PAGE" value="1251daeb-2472-49fb-b5e3-f9a6fd9bfab3"/>
<objectids-entry key="Default zone¤web¤checking_order_info" objectid="182" type="ACTION" value="a07e5a55-55e1-4ed1-97e9-3a27faa7ef29"/>
<objectids-entry key="Default zone¤web¤checking_order_info" objectid="183" type="ACTION" value="cc12b5e0-b320-445d-9904-6c3018dfde72"/>
<objectids-entry key="Default zone¤web¤checking_order_info" objectid="184" type="BASIC_LOGICAL_CONTAINER" value="$parent=checking_order_info;$index=2"/>
<objectids-entry key="Default zone¤web¤checking_product_price" objectid="185" type="VIRTUAL_USER" value="checking_product_price"/>
<objectids-entry key="Default zone¤web¤checking_product_price" objectid="186" type="BASIC_LOGICAL_CONTAINER" value="$parent=checking_product_price;$index=0"/>
<objectids-entry key="Default zone¤web¤checking_product_price" objectid="187" type="BASIC_LOGICAL_CONTAINER" value="$parent=checking_product_price;$index=1"/>
<objectids-entry key="Default zone¤web¤checking_product_price" objectid="188" type="BASIC_LOGICAL_CONTAINER" value="eafac491-cebc-4106-8dd9-a0c9a3a843e4"/>
<objectids-entry key="Default zone¤web¤checking_product_price" objectid="189" type="HTTP_PAGE" value="33c2f4b3-6891-4004-93f1-63105a72927d"/>
<objectids-entry key="Default zone¤web¤checking_product_price" objectid="190" type="ACTION" value="99197302-554f-43ee-be9b-076fd7c59062"/>
<objectids-entry key="Default zone¤web¤checking_product_price" objectid="191" type="DELAY" value="0a7765f4-b75b-417e-8229-330ed2a55104"/>
<objectids-entry key="Default zone¤web¤checking_product_price" objectid="192" type="BASIC_LOGICAL_CONTAINER" value="8536d8c8-9735-4595-8280-e1058d6cb685"/>
<objectids-entry key="Default zone¤web¤checking_product_price" objectid="193" type="HTTP_PAGE" value="0ca69700-a735-48e9-87ab-1c0e5c8b349f"/>
<objectids-entry key="Default zone¤web¤checking_product_price" objectid="194" type="ACTION" value="e04c4db6-ec6f-4879-87f7-5bf9065bea85"/>
<objectids-entry key="Default zone¤web¤checking_product_price" objectid="195" type="DELAY" value="607a3987-4d0a-4ede-9d6d-452cb5ddf8c9"/>
<objectids-entry key="Default zone¤web¤checking_product_price" objectid="196" type="BASIC_LOGICAL_CONTAINER" value="fa6878b4-81e3-42bb-84d3-97e840e4cf6c"/>
<objectids-entry key="Default zone¤web¤checking_product_price" objectid="197" type="HTTP_PAGE" value="aa82840b-4880-445a-a30d-0ad281fdc339"/>
<objectids-entry key="Default zone¤web¤checking_product_price" objectid="198" type="ACTION" value="afe0dc67-1760-4e40-855e-9c6695e9dd8a"/>
<objectids-entry key="Default zone¤web¤checking_product_price" objectid="199" type="ACTION" value="bf1cc31c-980d-40ed-b222-7ac4b6b125b8"/>
<objectids-entry key="Default zone¤web¤checking_product_price" objectid="200" type="DELAY" value="9981a8c2-d90e-4b01-b803-61df0dd5dbdd"/>
<objectids-entry key="Default zone¤web¤checking_product_price" objectid="201" type="LOOP" value="866a4cd9-2d8f-43fe-bef1-93328cfdf226"/>
<objectids-entry key="Default zone¤web¤checking_product_price" objectid="202" type="BASIC_LOGICAL_CONTAINER" value="af35d20e-23ef-4cbe-b3c4-975e3478a2b8"/>
<objectids-entry key="Default zone¤web¤checking_product_price" objectid="203" type="HTTP_PAGE" value="af62d509-97c5-498b-a179-0bd63cfd508a"/>
<objectids-entry key="Default zone¤web¤checking_product_price" objectid="204" type="ACTION" value="26cf2dc5-13d5-415e-8d64-6fd0baad832b"/>
<objectids-entry key="Default zone¤web¤checking_product_price" objectid="205" type="DELAY" value="5b76b441-9b91-41bf-bd83-6c5b62c018fc"/>
<objectids-entry key="Default zone¤web¤checking_product_price" objectid="206" type="BASIC_LOGICAL_CONTAINER" value="16224d0a-126f-4504-9451-ea15debab234"/>
<objectids-entry key="Default zone¤web¤checking_product_price" objectid="207" type="HTTP_PAGE" value="e61de3a6-cd52-415d-b61c-7d8d9a0d0199"/>
<objectids-entry key="Default zone¤web¤checking_product_price" objectid="208" type="ACTION" value="9d7da0fe-089f-476a-a330-44cc7564dfb7"/>
<objectids-entry key="Default zone¤web¤checking_product_price" objectid="209" type="DELAY" value="03b947aa-def6-4935-840a-04aaa1c0a01b"/>
<objectids-entry key="Default zone¤web¤checking_product_price" objectid="210" type="BASIC_LOGICAL_CONTAINER" value="ebfdbe8b-b71a-4888-a844-7d6cdc8d429f"/>
<objectids-entry key="Default zone¤web¤checking_product_price" objectid="211" type="HTTP_PAGE" value="a77782ca-a298-4304-9eef-9793dc016d22"/>
<objectids-entry key="Default zone¤web¤checking_product_price" objectid="212" type="ACTION" value="92366cac-7d55-4410-b87a-19fcb8f78ab0"/>
<objectids-entry key="Default zone¤web¤checking_product_price" objectid="213" type="ACTION" value="402fd5be-79a8-4ee9-a3ff-72c40fea7d5f"/>
<objectids-entry key="Default zone¤web¤checking_product_price" objectid="214" type="BASIC_LOGICAL_CONTAINER" value="$parent=checking_product_price;$index=2"/>
<objectids-entry key="Default zone¤web¤searching_the_product" objectid="215" type="VIRTUAL_USER" value="searching_the_product"/>
<objectids-entry key="Default zone¤web¤searching_the_product" objectid="216" type="BASIC_LOGICAL_CONTAINER" value="$parent=searching_the_product;$index=0"/>
<objectids-entry key="Default zone¤web¤searching_the_product" objectid="217" type="BASIC_LOGICAL_CONTAINER" value="$parent=searching_the_product;$index=1"/>
<objectids-entry key="Default zone¤web¤searching_the_product" objectid="218" type="BASIC_LOGICAL_CONTAINER" value="6a8c6f22-be5a-4fd0-8125-f3336ff9fa51"/>
<objectids-entry key="Default zone¤web¤searching_the_product" objectid="219" type="HTTP_PAGE" value="63d3d26d-5e3f-4122-a426-253937369595"/>
<objectids-entry key="Default zone¤web¤searching_the_product" objectid="220" type="ACTION" value="882a5e7d-f695-4875-b8a0-cb1443a73824"/>
<objectids-entry key="Default zone¤web¤searching_the_product" objectid="221" type="DELAY" value="cb8ac0f1-8e60-4bc1-b58a-ac26d0ae26f0"/>
<objectids-entry key="Default zone¤web¤searching_the_product" objectid="222" type="LOOP" value="9eb044c5-9133-4f6f-853c-c4dec7cc2514"/>
<objectids-entry key="Default zone¤web¤searching_the_product" objectid="223" type="BASIC_LOGICAL_CONTAINER" value="abc625d2-9233-416b-af5c-2127c5ff32a0"/>
<objectids-entry key="Default zone¤web¤searching_the_product" objectid="224" type="HTTP_PAGE" value="8f228062-6085-4e6a-8401-569fc670c810"/>
<objectids-entry key="Default zone¤web¤searching_the_product" objectid="225" type="ACTION" value="4c324d15-ff64-482c-9c37-0f37be4cc199"/>
<objectids-entry key="Default zone¤web¤searching_the_product" objectid="226" type="ACTION" value="0af85e89-159d-4fd2-b032-137774a5a006"/>
<objectids-entry key="Default zone¤web¤searching_the_product" objectid="227" type="DELAY" value="52d55027-17d4-49f2-be59-1a9d9e1fb379"/>
<objectids-entry key="Default zone¤web¤searching_the_product" objectid="228" type="BASIC_LOGICAL_CONTAINER" value="$parent=searching_the_product;$index=2"/>
<objectids-entry key="¤¤" objectid="229" type="MONITORED_HOST" value="NeoLoad"/>
<objectids-entry key="¤¤" objectid="230" type="MONITORCONNECTION" value="NeoLoad$NeoLoad"/>
<objectids-entry key="¤¤" objectid="231" type="MONITOR" value="NeoLoad$NeoLoad$UserLoad"/>
<objectids-entry key="¤¤" objectid="232" type="MONITOR" value="NeoLoad$NeoLoad$throughput"/>
<objectids-entry key="¤¤" objectid="233" type="MONITOR" value="NeoLoad$NeoLoad$Alerts"/>
<objectids-entry key="¤¤" objectid="234" type="MONITOR" value="NeoLoad$NeoLoad$CriticalAlerts"/>
<objectids-entry key="¤¤" objectid="235" type="MONITOR" value="NeoLoad$NeoLoad$WarningAlerts"/>
<objectids-entry key="¤¤" objectid="236" type="MONITOR" value="NeoLoad$NeoLoad$cpu"/>
<objectids-entry key="¤¤" objectid="237" type="THRESHOLD" value="NeoLoad$NeoLoad$bf772d2d-80ee-4ccd-b53f-a35e78ebb0a9"/>
<objectids-entry key="¤¤" objectid="238" type="MONITOR" value="NeoLoad$NeoLoad$memory"/>
<objectids-entry key="¤¤" objectid="239" type="THRESHOLD" value="NeoLoad$NeoLoad$291effcc-b2fa-4947-83df-0fc3920a66c0"/>
<objectids-entry key="¤¤" objectid="240" type="MONITOR" value="NeoLoad$NeoLoad$threadcount"/>
<objectids-entry key="¤¤" objectid="241" type="MONITOR" value="NeoLoad$NeoLoad$connectedlg"/>
<objectids-entry key="¤¤" objectid="242" type="MONITOR" value="NeoLoad$NeoLoad$totallgdisconnections"/>
<objectids-entry key="¤¤" objectid="243" type="THRESHOLD" value="NeoLoad$NeoLoad$594a032c-3cad-40e5-9e15-481ddb9c4cd0"/>
<objectids-entry key="¤¤" objectid="244" type="MONITOR" value="NeoLoad$NeoLoad$totallgreconnections"/>
<objectids-entry key="¤¤" objectid="245" type="MONITOR" value="NeoLoad$NeoLoad$otcp.NeoLoad"/>
<objectids-entry key="¤¤" objectid="246" type="MONITOR" value="NeoLoad$NeoLoad$tcp.NeoLoad"/>
<objectids-entry key="¤¤" objectid="247" type="MONITOR" value="NeoLoad$NeoLoad$ibytesperinterface~NeoLoad~wlan0"/>
<objectids-entry key="¤¤" objectid="248" type="MONITOR" value="NeoLoad$NeoLoad$obytesperinterface~NeoLoad~wlan0"/>
<objectids-entry key="¤¤" objectid="249" type="MONITOR" value="NeoLoad$NeoLoad$ibytesperinterface~NeoLoad~eth1"/>
<objectids-entry key="¤¤" objectid="250" type="MONITOR" value="NeoLoad$NeoLoad$obytesperinterface~NeoLoad~eth1"/>
<objectids-entry key="¤¤" objectid="251" type="MONITOR" value="NeoLoad$NeoLoad$ibytesperinterface~NeoLoad~wlan2"/>
<objectids-entry key="¤¤" objectid="252" type="MONITOR" value="NeoLoad$NeoLoad$obytesperinterface~NeoLoad~wlan2"/>
<objectids-entry key="¤¤" objectid="253" type="MONITOR" value="NeoLoad$NeoLoad$SapUserLoad"/>
<objectids-entry key="¤¤" objectid="254" type="MONITOR" value="NeoLoad$NeoLoad$CitrixUserLoad"/>
<objectids-entry key="¤¤" objectid="255" type="MONITOR" value="NeoLoad$NeoLoad$zoneuserload~Default zone"/>
<objectids-entry key="¤¤" objectid="256" type="MONITOR" value="NeoLoad$NeoLoad$zoneuserloadperpopulation~Default zone~web"/>
<objectids-entry key="¤¤" objectid="257" type="MONITOR" value="NeoLoad$NeoLoad$zoneuserloadperpopulation~Default zone~web~product_booking_flow"/>
<objectids-entry key="¤¤" objectid="258" type="MONITOR" value="NeoLoad$NeoLoad$zoneuserloadperpopulation~Default zone~web~sign_in_out"/>
<objectids-entry key="¤¤" objectid="259" type="MONITOR" value="NeoLoad$NeoLoad$zoneuserloadperpopulation~Default zone~web~addto_cart_flow"/>
<objectids-entry key="¤¤" objectid="260" type="MONITOR" value="NeoLoad$NeoLoad$zoneuserloadperpopulation~Default zone~web~profile_update"/>
<objectids-entry key="¤¤" objectid="261" type="MONITOR" value="NeoLoad$NeoLoad$zoneuserloadperpopulation~Default zone~web~checking_order_info"/>
<objectids-entry key="¤¤" objectid="262" type="MONITOR" value="NeoLoad$NeoLoad$zoneuserloadperpopulation~Default zone~web~checking_product_price"/>
<objectids-entry key="¤¤" objectid="263" type="MONITOR" value="NeoLoad$NeoLoad$zoneuserloadperpopulation~Default zone~web~searching_the_product"/>
<objectids-entry key="¤¤" objectid="264" type="MONITORED_HOST" value="LG localhost:7100"/>
<objectids-entry key="¤¤" objectid="265" type="MONITORCONNECTION" value="LG localhost:7100$NeoLoad"/>
<objectids-entry key="¤¤" objectid="266" type="MONITOR" value="LG localhost:7100$NeoLoad$lgcpu.localhost:7100"/>
<objectids-entry key="¤¤" objectid="267" type="THRESHOLD" value="LG localhost:7100$NeoLoad$80ca817d-1f5e-4e11-8c7a-5ac3c166958b"/>
<objectids-entry key="¤¤" objectid="268" type="MONITOR" value="LG localhost:7100$NeoLoad$lgmemory.localhost:7100"/>
<objectids-entry key="¤¤" objectid="269" type="THRESHOLD" value="LG localhost:7100$NeoLoad$579e5429-720c-405c-b87e-e84a7c35d3e1"/>
<objectids-entry key="¤¤" objectid="270" type="MONITOR" value="LG localhost:7100$NeoLoad$lgthroughput.localhost:7100"/>
<objectids-entry key="¤¤" objectid="271" type="MONITOR" value="LG localhost:7100$NeoLoad$lguserloadperpopulation~localhost:7100"/>
<objectids-entry key="¤¤" objectid="272" type="MONITOR" value="LG localhost:7100$NeoLoad$lgthreadcount.localhost:7100"/>
<objectids-entry key="¤¤" objectid="273" type="MONITOR" value="LG localhost:7100$NeoLoad$lg.jetty.httpclient.threadpool.used.localhost:7100"/>
<objectids-entry key="¤¤" objectid="274" type="MONITOR" value="LG localhost:7100$NeoLoad$lg.jetty.httpclient.taskpool.used.localhost:7100"/>
<objectids-entry key="¤¤" objectid="275" type="THRESHOLD" value="LG localhost:7100$NeoLoad$7d75f778-09f5-4e65-bf34-33ad776177d0"/>
<objectids-entry key="¤¤" objectid="276" type="MONITOR" value="LG localhost:7100$NeoLoad$lgdisconnections.localhost:7100"/>
<objectids-entry key="¤¤" objectid="277" type="MONITOR" value="LG localhost:7100$NeoLoad$lgreconnections.localhost:7100"/>
<objectids-entry key="¤¤" objectid="278" type="MONITOR" value="LG localhost:7100$NeoLoad$lgping.localhost:7100"/>
<objectids-entry key="¤¤" objectid="279" type="MONITOR" value="LG localhost:7100$NeoLoad$lgotcp.localhost:7100"/>
<objectids-entry key="¤¤" objectid="280" type="MONITOR" value="LG localhost:7100$NeoLoad$lgtcp.localhost:7100"/>
<objectids-entry key="¤¤" objectid="281" type="MONITOR" value="LG localhost:7100$NeoLoad$lgibytesperinterface~localhost:7100~wlan0"/>
<objectids-entry key="¤¤" objectid="282" type="MONITOR" value="LG localhost:7100$NeoLoad$lgobytesperinterface~localhost:7100~wlan0"/>
<objectids-entry key="¤¤" objectid="283" type="MONITOR" value="LG localhost:7100$NeoLoad$lgibytesperinterface~localhost:7100~eth1"/>
<objectids-entry key="¤¤" objectid="284" type="MONITOR" value="LG localhost:7100$NeoLoad$lgobytesperinterface~localhost:7100~eth1"/>
<objectids-entry key="¤¤" objectid="285" type="MONITOR" value="LG localhost:7100$NeoLoad$lgibytesperinterface~localhost:7100~wlan2"/>
<objectids-entry key="¤¤" objectid="286" type="MONITOR" value="LG localhost:7100$NeoLoad$lgobytesperinterface~localhost:7100~wlan2"/>
</objectids-table>
<!--****** DURATION ******-->
<duration value="0"/>
<!--****** AGGREGATION PERIOD ******-->
<aggregation-period value="1000"/>
<!--****** EXTENDED STATISTICS ******-->
<truncated-mean centered-interval="true" percentage="90"/>
<percentile percentage="50"/>
</project>
