
	<!DOCTYPE project [
		<!ELEMENT project (objectids-table | current-scenario | duration | aggregation-period | truncated-mean | percentile)* >
	
		<!ELEMENT objectids-table (objectids-entry)* >
		<!ELEMENT objectids-entry (#PCDATA)>
		<!ELEMENT duration (#PCDATA)>
		<!ELEMENT truncated-mean (#PCDATA)>
		<!ELEMENT percentile (#PCDATA)>
		<!ELEMENT aggregation-period (#PCDATA)>
		<!ELEMENT current-scenario (#PCDATA)>
		<!ATTLIST duration
		    value CDATA #REQUIRED>
	    <!ATTLIST aggregation-period
		    value CDATA #REQUIRED>
		<!ATTLIST objectids-entry
		    objectid CDATA #REQUIRED
		    type CDATA #REQUIRED
		    value CDATA #REQUIRED
		    key CDATA #REQUIRED>
		<!ATTLIST truncated-mean
		    centered-interval CDATA #REQUIRED
		    percentage CDATA #REQUIRED>
		 <!ATTLIST percentile
		    percentage CDATA #REQUIRED>
	]>


<!--****** RUNTIME PROJECT ******--><project>
<!--****** CURRENT SCENARIO ******-->
<current-scenario>scenario1</current-scenario>
<!--****** OBJECTIDS ******-->
<objectids-table>
<objectids-entry key="" objectid="0" type="LG_HOST" value="localhost:7100"/>
<objectids-entry key="" objectid="1" type="ZONE" value="Default zone"/>
<objectids-entry key="Default zone¤web1¤" objectid="2" type="POPULATION" value="web1"/>
<objectids-entry key="Default zone¤web1¤product_booking_flow" objectid="3" type="VIRTUAL_USER" value="product_booking_flow"/>
<objectids-entry key="Default zone¤web1¤product_booking_flow" objectid="4" type="BASIC_LOGICAL_CONTAINER" value="$parent=product_booking_flow;$index=0"/>
<objectids-entry key="Default zone¤web1¤product_booking_flow" objectid="5" type="BASIC_LOGICAL_CONTAINER" value="$parent=product_booking_flow;$index=1"/>
<objectids-entry key="Default zone¤web1¤product_booking_flow" objectid="6" type="BASIC_LOGICAL_CONTAINER" value="380ec51d-62c7-44b2-bc64-2266bd9b1840"/>
<objectids-entry key="Default zone¤web1¤product_booking_flow" objectid="7" type="HTTP_PAGE" value="a8c2a1fe-9e69-4acf-8b69-1957e0b1789d"/>
<objectids-entry key="Default zone¤web1¤product_booking_flow" objectid="8" type="ACTION" value="de5ecb26-bc1b-4142-addb-e0710de8365d"/>
<objectids-entry key="Default zone¤web1¤product_booking_flow" objectid="9" type="BASIC_LOGICAL_CONTAINER" value="ef99de27-1518-482c-8628-10d6167aa70a"/>
<objectids-entry key="Default zone¤web1¤product_booking_flow" objectid="10" type="HTTP_PAGE" value="42e5fd80-b5ed-4cd7-baf0-7f11c75b0c16"/>
<objectids-entry key="Default zone¤web1¤product_booking_flow" objectid="11" type="ACTION" value="4bfcdcd9-2a7f-4937-9022-33b57374d067"/>
<objectids-entry key="Default zone¤web1¤product_booking_flow" objectid="12" type="BASIC_LOGICAL_CONTAINER" value="1f112d2a-23d5-40be-8e63-6f83b833a84d"/>
<objectids-entry key="Default zone¤web1¤product_booking_flow" objectid="13" type="HTTP_PAGE" value="368dd207-d767-41b0-83e2-3aa53bbd98f8"/>
<objectids-entry key="Default zone¤web1¤product_booking_flow" objectid="14" type="ACTION" value="f90cc752-b5d8-49eb-a023-a8e293a992bd"/>
<objectids-entry key="Default zone¤web1¤product_booking_flow" objectid="15" type="ACTION" value="1466a592-5beb-457e-93a1-35e031bee6ea"/>
<objectids-entry key="Default zone¤web1¤product_booking_flow" objectid="16" type="ACTION" value="b7beb114-6603-4baa-b9c1-86a131dd87a7"/>
<objectids-entry key="Default zone¤web1¤product_booking_flow" objectid="17" type="BASIC_LOGICAL_CONTAINER" value="bab73a39-bc9b-4e61-b71e-0bb0edb06e3f"/>
<objectids-entry key="Default zone¤web1¤product_booking_flow" objectid="18" type="HTTP_PAGE" value="d33de7f7-4c3f-4dd6-94a2-46e3426d15f7"/>
<objectids-entry key="Default zone¤web1¤product_booking_flow" objectid="19" type="BASIC_LOGICAL_CONTAINER" value="864ddd30-211b-4165-8603-9d16723f9cd6"/>
<objectids-entry key="Default zone¤web1¤product_booking_flow" objectid="20" type="HTTP_PAGE" value="02191db5-bf56-48e6-b144-952a8a2363cc"/>
<objectids-entry key="Default zone¤web1¤product_booking_flow" objectid="21" type="ACTION" value="c2a744d6-c829-4b0f-8e31-b5c7f4183c9e"/>
<objectids-entry key="Default zone¤web1¤product_booking_flow" objectid="22" type="BASIC_LOGICAL_CONTAINER" value="29d8410d-a11e-45e1-8b8f-2d41dd496dff"/>
<objectids-entry key="Default zone¤web1¤product_booking_flow" objectid="23" type="HTTP_PAGE" value="d14af300-4e85-4419-9cc0-7752f260f95c"/>
<objectids-entry key="Default zone¤web1¤product_booking_flow" objectid="24" type="ACTION" value="a4615939-4019-4fcd-85db-7f8027a8b9a0"/>
<objectids-entry key="Default zone¤web1¤product_booking_flow" objectid="25" type="BASIC_LOGICAL_CONTAINER" value="faa1a736-3cf1-4988-95c5-b0df2689afd2"/>
<objectids-entry key="Default zone¤web1¤product_booking_flow" objectid="26" type="HTTP_PAGE" value="3d843ed2-9265-43a7-8a61-e77763e595bc"/>
<objectids-entry key="Default zone¤web1¤product_booking_flow" objectid="27" type="ACTION" value="dcf4f563-df49-4d78-9821-1258ec58ada6"/>
<objectids-entry key="Default zone¤web1¤product_booking_flow" objectid="28" type="BASIC_LOGICAL_CONTAINER" value="6ebcbae2-c106-45fe-9aa4-86a470a3cd84"/>
<objectids-entry key="Default zone¤web1¤product_booking_flow" objectid="29" type="HTTP_PAGE" value="6541d51d-eb7e-4524-9494-70c3e92f482c"/>
<objectids-entry key="Default zone¤web1¤product_booking_flow" objectid="30" type="ACTION" value="4955bed1-e015-4f8e-9244-2fc758acf0c0"/>
<objectids-entry key="Default zone¤web1¤product_booking_flow" objectid="31" type="BASIC_LOGICAL_CONTAINER" value="5ab4d2e4-65cb-4752-af16-79d58378aea2"/>
<objectids-entry key="Default zone¤web1¤product_booking_flow" objectid="32" type="HTTP_PAGE" value="d69a976f-55e1-41cf-bdf5-493ddf2a1283"/>
<objectids-entry key="Default zone¤web1¤product_booking_flow" objectid="33" type="ACTION" value="37861d4e-667a-4d79-8c6a-4f43863b6a59"/>
<objectids-entry key="Default zone¤web1¤product_booking_flow" objectid="34" type="BASIC_LOGICAL_CONTAINER" value="555d0864-2b50-4ae2-8062-081c7dfc0cf3"/>
<objectids-entry key="Default zone¤web1¤product_booking_flow" objectid="35" type="HTTP_PAGE" value="1ff699f3-69dd-4600-87f1-47da9bc7b661"/>
<objectids-entry key="Default zone¤web1¤product_booking_flow" objectid="36" type="ACTION" value="dc337afd-32c3-4451-9bd8-c09c8b5fab35"/>
<objectids-entry key="Default zone¤web1¤product_booking_flow" objectid="37" type="BASIC_LOGICAL_CONTAINER" value="071a90c2-1b1f-4d81-b4a5-4d9f3db2331e"/>
<objectids-entry key="Default zone¤web1¤product_booking_flow" objectid="38" type="HTTP_PAGE" value="4b9665cd-6629-4786-9331-2ca2cbc8792e"/>
<objectids-entry key="Default zone¤web1¤product_booking_flow" objectid="39" type="ACTION" value="b3248b43-eb8a-4997-a7ae-f215fe26a77b"/>
<objectids-entry key="Default zone¤web1¤product_booking_flow" objectid="40" type="ACTION" value="9af1f0fb-4656-4b8a-9473-27c4cedc47ac"/>
<objectids-entry key="Default zone¤web1¤product_booking_flow" objectid="41" type="BASIC_LOGICAL_CONTAINER" value="$parent=product_booking_flow;$index=2"/>
<objectids-entry key="Default zone¤web1¤sign_in_out" objectid="42" type="VIRTUAL_USER" value="sign_in_out"/>
<objectids-entry key="Default zone¤web1¤sign_in_out" objectid="43" type="BASIC_LOGICAL_CONTAINER" value="$parent=sign_in_out;$index=0"/>
<objectids-entry key="Default zone¤web1¤sign_in_out" objectid="44" type="BASIC_LOGICAL_CONTAINER" value="$parent=sign_in_out;$index=1"/>
<objectids-entry key="Default zone¤web1¤sign_in_out" objectid="45" type="BASIC_LOGICAL_CONTAINER" value="4ebd0f6a-b17a-420a-ab6b-4f1879bfe70f"/>
<objectids-entry key="Default zone¤web1¤sign_in_out" objectid="46" type="DELAY" value="90703045-c2e5-427f-89ab-60459f13cf74"/>
<objectids-entry key="Default zone¤web1¤sign_in_out" objectid="47" type="BASIC_LOGICAL_CONTAINER" value="1c6a07e9-731e-44f8-95cc-0562fe92338d"/>
<objectids-entry key="Default zone¤web1¤sign_in_out" objectid="48" type="DELAY" value="311c765e-0866-46cc-86f0-1f06a1216dfd"/>
<objectids-entry key="Default zone¤web1¤sign_in_out" objectid="49" type="BASIC_LOGICAL_CONTAINER" value="f5fb0ee4-45c2-404f-a426-e705179ed2c4"/>
<objectids-entry key="Default zone¤web1¤sign_in_out" objectid="50" type="HTTP_PAGE" value="e05132b1-e56c-4ad4-9f77-8d5c2b34312e"/>
<objectids-entry key="Default zone¤web1¤sign_in_out" objectid="51" type="ACTION" value="f8348e33-f681-4eac-af88-52b78ae99956"/>
<objectids-entry key="Default zone¤web1¤sign_in_out" objectid="52" type="BASIC_LOGICAL_CONTAINER" value="b9cecd32-3195-429b-a310-386aca67ca60"/>
<objectids-entry key="Default zone¤web1¤sign_in_out" objectid="53" type="HTTP_PAGE" value="699fc343-6ad0-49da-b71a-3c27624ac171"/>
<objectids-entry key="Default zone¤web1¤sign_in_out" objectid="54" type="ACTION" value="f829dd2c-af45-486c-b8c6-caa70b620f55"/>
<objectids-entry key="Default zone¤web1¤sign_in_out" objectid="55" type="DELAY" value="1f77a48e-791f-4923-a3d0-d478f405ff80"/>
<objectids-entry key="Default zone¤web1¤sign_in_out" objectid="56" type="BASIC_LOGICAL_CONTAINER" value="76c9f35f-d67d-44c4-b4e4-56b8fb9845a5"/>
<objectids-entry key="Default zone¤web1¤sign_in_out" objectid="57" type="HTTP_PAGE" value="ee7e8851-5c3d-4a80-a8f0-5c2cc5c98faa"/>
<objectids-entry key="Default zone¤web1¤sign_in_out" objectid="58" type="ACTION" value="88d10f9a-c1aa-42f8-aebf-382425766175"/>
<objectids-entry key="Default zone¤web1¤sign_in_out" objectid="59" type="ACTION" value="183eba67-f4cb-4042-bea2-c5529dafc8df"/>
<objectids-entry key="Default zone¤web1¤sign_in_out" objectid="60" type="BASIC_LOGICAL_CONTAINER" value="db65073f-5e01-449b-b956-6d64f9ba2b8c"/>
<objectids-entry key="Default zone¤web1¤sign_in_out" objectid="61" type="HTTP_PAGE" value="d69903f1-e35d-4d25-94f1-1c1c97ad260f"/>
<objectids-entry key="Default zone¤web1¤sign_in_out" objectid="62" type="ACTION" value="9ef5822d-66a2-49a5-9dda-f1d2dbd073b6"/>
<objectids-entry key="Default zone¤web1¤sign_in_out" objectid="63" type="ACTION" value="7d01ed78-d7e8-439d-8b8f-10052050607e"/>
<objectids-entry key="Default zone¤web1¤sign_in_out" objectid="64" type="DELAY" value="06913bca-4a99-4db5-8230-5cb89b4e1e70"/>
<objectids-entry key="Default zone¤web1¤sign_in_out" objectid="65" type="DELAY" value="87307d74-92da-4430-ad89-214e36201437"/>
<objectids-entry key="Default zone¤web1¤sign_in_out" objectid="66" type="BASIC_LOGICAL_CONTAINER" value="$parent=sign_in_out;$index=2"/>
<objectids-entry key="Default zone¤web1¤addto_cart_flow" objectid="67" type="VIRTUAL_USER" value="addto_cart_flow"/>
<objectids-entry key="Default zone¤web1¤addto_cart_flow" objectid="68" type="BASIC_LOGICAL_CONTAINER" value="$parent=addto_cart_flow;$index=0"/>
<objectids-entry key="Default zone¤web1¤addto_cart_flow" objectid="69" type="BASIC_LOGICAL_CONTAINER" value="$parent=addto_cart_flow;$index=1"/>
<objectids-entry key="Default zone¤web1¤addto_cart_flow" objectid="70" type="BASIC_LOGICAL_CONTAINER" value="be19f935-15a0-49f9-91b5-cccea652837f"/>
<objectids-entry key="Default zone¤web1¤addto_cart_flow" objectid="71" type="HTTP_PAGE" value="bbdb9d92-0180-4999-aba3-a9f88e35e783"/>
<objectids-entry key="Default zone¤web1¤addto_cart_flow" objectid="72" type="ACTION" value="a3d0cfef-782e-4b4b-80ea-f11247978847"/>
<objectids-entry key="Default zone¤web1¤addto_cart_flow" objectid="73" type="BASIC_LOGICAL_CONTAINER" value="6f98f0e7-44a9-4175-842c-4ee9d329879a"/>
<objectids-entry key="Default zone¤web1¤addto_cart_flow" objectid="74" type="HTTP_PAGE" value="d2df8feb-7f32-49e6-8050-b49216f75598"/>
<objectids-entry key="Default zone¤web1¤addto_cart_flow" objectid="75" type="ACTION" value="cde8540f-0757-4fd5-be46-4309929ebdbc"/>
<objectids-entry key="Default zone¤web1¤addto_cart_flow" objectid="76" type="BASIC_LOGICAL_CONTAINER" value="bbf4b341-ad5b-457c-ae64-412d3e5f0fd3"/>
<objectids-entry key="Default zone¤web1¤addto_cart_flow" objectid="77" type="HTTP_PAGE" value="3c073651-6bd1-480c-a63a-d2cfab3e62dd"/>
<objectids-entry key="Default zone¤web1¤addto_cart_flow" objectid="78" type="ACTION" value="f693e5b8-173b-4f5b-bd6a-0f2ec792163a"/>
<objectids-entry key="Default zone¤web1¤addto_cart_flow" objectid="79" type="ACTION" value="8b651cae-a2cc-4919-b88a-894c7f71b431"/>
<objectids-entry key="Default zone¤web1¤addto_cart_flow" objectid="80" type="BASIC_LOGICAL_CONTAINER" value="841816a4-6698-4994-a55a-13ce6d84edf7"/>
<objectids-entry key="Default zone¤web1¤addto_cart_flow" objectid="81" type="HTTP_PAGE" value="7947b913-4702-412b-af79-aaa7b91c61b4"/>
<objectids-entry key="Default zone¤web1¤addto_cart_flow" objectid="82" type="ACTION" value="a42d9c60-7484-4748-aacc-df8ee8d0af45"/>
<objectids-entry key="Default zone¤web1¤addto_cart_flow" objectid="83" type="BASIC_LOGICAL_CONTAINER" value="507c82eb-0870-4c8a-8125-fa2c08190a6f"/>
<objectids-entry key="Default zone¤web1¤addto_cart_flow" objectid="84" type="HTTP_PAGE" value="a91655ad-df4c-44cc-87b2-2fa3e627f9f0"/>
<objectids-entry key="Default zone¤web1¤addto_cart_flow" objectid="85" type="ACTION" value="6a8ef3c1-9a34-46c5-859f-f9733f1f5dd8"/>
<objectids-entry key="Default zone¤web1¤addto_cart_flow" objectid="86" type="BASIC_LOGICAL_CONTAINER" value="5f225166-9fed-428f-8887-00d1d5eab433"/>
<objectids-entry key="Default zone¤web1¤addto_cart_flow" objectid="87" type="HTTP_PAGE" value="587772f6-2d85-48e6-94e5-16f5d3f9da60"/>
<objectids-entry key="Default zone¤web1¤addto_cart_flow" objectid="88" type="ACTION" value="1b63636b-1c3b-4c42-8818-043637790f09"/>
<objectids-entry key="Default zone¤web1¤addto_cart_flow" objectid="89" type="BASIC_LOGICAL_CONTAINER" value="9745e2d4-2ed1-4f48-a674-7bfa532820f4"/>
<objectids-entry key="Default zone¤web1¤addto_cart_flow" objectid="90" type="HTTP_PAGE" value="f47556d5-ea09-45e5-bfbd-71988496a317"/>
<objectids-entry key="Default zone¤web1¤addto_cart_flow" objectid="91" type="ACTION" value="b59d7f40-613e-42c7-88bd-97ebf9fc84c9"/>
<objectids-entry key="Default zone¤web1¤addto_cart_flow" objectid="92" type="BASIC_LOGICAL_CONTAINER" value="925cde85-a936-4b56-b623-4ed10f53c3ba"/>
<objectids-entry key="Default zone¤web1¤addto_cart_flow" objectid="93" type="HTTP_PAGE" value="51eb0f4a-e995-4123-a713-bad37265b49b"/>
<objectids-entry key="Default zone¤web1¤addto_cart_flow" objectid="94" type="ACTION" value="adbe3fc5-1fb5-49b0-ad0a-f40026af6812"/>
<objectids-entry key="Default zone¤web1¤addto_cart_flow" objectid="95" type="BASIC_LOGICAL_CONTAINER" value="ca46bf35-831e-44b2-a984-0823eda78c38"/>
<objectids-entry key="Default zone¤web1¤addto_cart_flow" objectid="96" type="HTTP_PAGE" value="36e309ff-4494-4848-a738-f703c5f14d6c"/>
<objectids-entry key="Default zone¤web1¤addto_cart_flow" objectid="97" type="ACTION" value="50130e71-4367-46b3-b402-858d03b29394"/>
<objectids-entry key="Default zone¤web1¤addto_cart_flow" objectid="98" type="ACTION" value="e4f9f9d1-f429-4918-a3de-a790624628ec"/>
<objectids-entry key="Default zone¤web1¤addto_cart_flow" objectid="99" type="BASIC_LOGICAL_CONTAINER" value="$parent=addto_cart_flow;$index=2"/>
<objectids-entry key="Default zone¤web1¤profile_update" objectid="100" type="VIRTUAL_USER" value="profile_update"/>
<objectids-entry key="Default zone¤web1¤profile_update" objectid="101" type="BASIC_LOGICAL_CONTAINER" value="$parent=profile_update;$index=0"/>
<objectids-entry key="Default zone¤web1¤profile_update" objectid="102" type="BASIC_LOGICAL_CONTAINER" value="$parent=profile_update;$index=1"/>
<objectids-entry key="Default zone¤web1¤profile_update" objectid="103" type="BASIC_LOGICAL_CONTAINER" value="95599fc9-2343-42ea-b886-a2374db3dcbe"/>
<objectids-entry key="Default zone¤web1¤profile_update" objectid="104" type="HTTP_PAGE" value="acfe5f86-5484-4e78-9c20-0fe700e44432"/>
<objectids-entry key="Default zone¤web1¤profile_update" objectid="105" type="ACTION" value="8708ba93-5c13-4f80-a517-f7097922d131"/>
<objectids-entry key="Default zone¤web1¤profile_update" objectid="106" type="BASIC_LOGICAL_CONTAINER" value="33f5ba5d-cbd5-46b1-845c-d4d2dde0a1c4"/>
<objectids-entry key="Default zone¤web1¤profile_update" objectid="107" type="HTTP_PAGE" value="17e801b4-db79-44d1-8ddb-caf48f355afa"/>
<objectids-entry key="Default zone¤web1¤profile_update" objectid="108" type="ACTION" value="bb2bbe67-207c-4ff7-8b09-2f1f124e0b86"/>
<objectids-entry key="Default zone¤web1¤profile_update" objectid="109" type="BASIC_LOGICAL_CONTAINER" value="900f6157-4285-4421-9c48-bc7321907cd4"/>
<objectids-entry key="Default zone¤web1¤profile_update" objectid="110" type="HTTP_PAGE" value="95d32fd5-fa1b-46f4-8e28-dadff4ce40a3"/>
<objectids-entry key="Default zone¤web1¤profile_update" objectid="111" type="ACTION" value="daa8a1a6-27d9-4c1a-b796-2ef5ada3c9d2"/>
<objectids-entry key="Default zone¤web1¤profile_update" objectid="112" type="ACTION" value="ce4ed292-8986-4454-bf5a-691fd9f4d35a"/>
<objectids-entry key="Default zone¤web1¤profile_update" objectid="113" type="BASIC_LOGICAL_CONTAINER" value="af708a60-28d4-4716-b890-1aea0b9ec7a5"/>
<objectids-entry key="Default zone¤web1¤profile_update" objectid="114" type="HTTP_PAGE" value="8abb84cb-fdff-48bf-bc29-cc6cbe4c1cfc"/>
<objectids-entry key="Default zone¤web1¤profile_update" objectid="115" type="ACTION" value="d3abf070-d711-4fee-8a7b-3b46ee7975f4"/>
<objectids-entry key="Default zone¤web1¤profile_update" objectid="116" type="BASIC_LOGICAL_CONTAINER" value="5b35ce99-275e-4af8-bde8-171a26e3cff2"/>
<objectids-entry key="Default zone¤web1¤profile_update" objectid="117" type="HTTP_PAGE" value="421d058f-36f9-431e-8e37-655917a73d65"/>
<objectids-entry key="Default zone¤web1¤profile_update" objectid="118" type="ACTION" value="edcb1b25-7c2a-4a9e-bbf5-118bfaa57787"/>
<objectids-entry key="Default zone¤web1¤profile_update" objectid="119" type="BASIC_LOGICAL_CONTAINER" value="589d66a3-4188-4ae8-879d-63386ffc0cc9"/>
<objectids-entry key="Default zone¤web1¤profile_update" objectid="120" type="HTTP_PAGE" value="93bd18ea-e4bd-4750-a7b8-609649f6319d"/>
<objectids-entry key="Default zone¤web1¤profile_update" objectid="121" type="ACTION" value="d8e7e789-1532-45b6-9bc1-04fa48c5d5e6"/>
<objectids-entry key="Default zone¤web1¤profile_update" objectid="122" type="ACTION" value="cd039496-ce5f-4ef1-8c88-69b73f428ebd"/>
<objectids-entry key="Default zone¤web1¤profile_update" objectid="123" type="BASIC_LOGICAL_CONTAINER" value="$parent=profile_update;$index=2"/>
<objectids-entry key="Default zone¤web1¤checking_order_info" objectid="124" type="VIRTUAL_USER" value="checking_order_info"/>
<objectids-entry key="Default zone¤web1¤checking_order_info" objectid="125" type="BASIC_LOGICAL_CONTAINER" value="$parent=checking_order_info;$index=0"/>
<objectids-entry key="Default zone¤web1¤checking_order_info" objectid="126" type="BASIC_LOGICAL_CONTAINER" value="$parent=checking_order_info;$index=1"/>
<objectids-entry key="Default zone¤web1¤checking_order_info" objectid="127" type="BASIC_LOGICAL_CONTAINER" value="1b23366f-473c-49fe-a1ed-0c6bc4f27077"/>
<objectids-entry key="Default zone¤web1¤checking_order_info" objectid="128" type="HTTP_PAGE" value="a763077c-e19b-440a-a26d-2e6c884df7ef"/>
<objectids-entry key="Default zone¤web1¤checking_order_info" objectid="129" type="ACTION" value="7ccca491-7a2a-4ca4-9721-11dbdc46077d"/>
<objectids-entry key="Default zone¤web1¤checking_order_info" objectid="130" type="BASIC_LOGICAL_CONTAINER" value="f7ade515-6c83-4ffb-9105-f375055138bc"/>
<objectids-entry key="Default zone¤web1¤checking_order_info" objectid="131" type="HTTP_PAGE" value="585e8b17-9aee-47af-b0fc-9c38210d5763"/>
<objectids-entry key="Default zone¤web1¤checking_order_info" objectid="132" type="ACTION" value="60ea1dea-5d85-4e9a-9784-618f32e816d7"/>
<objectids-entry key="Default zone¤web1¤checking_order_info" objectid="133" type="BASIC_LOGICAL_CONTAINER" value="be5a5ce1-5c72-47a3-9a06-15983ee2f83e"/>
<objectids-entry key="Default zone¤web1¤checking_order_info" objectid="134" type="HTTP_PAGE" value="e8f968c0-c8a0-446b-be11-cfd738037c20"/>
<objectids-entry key="Default zone¤web1¤checking_order_info" objectid="135" type="ACTION" value="2aed24b4-b10d-426f-b0c8-f409ca9894e3"/>
<objectids-entry key="Default zone¤web1¤checking_order_info" objectid="136" type="ACTION" value="b41fa9e9-a724-4368-970b-89cd2f9717fd"/>
<objectids-entry key="Default zone¤web1¤checking_order_info" objectid="137" type="BASIC_LOGICAL_CONTAINER" value="40a4cf9e-b4c5-4cbb-b304-5cbd20f17ba4"/>
<objectids-entry key="Default zone¤web1¤checking_order_info" objectid="138" type="HTTP_PAGE" value="9667036d-6a1f-43fd-8030-d765eb8f4320"/>
<objectids-entry key="Default zone¤web1¤checking_order_info" objectid="139" type="ACTION" value="981e2b41-8daf-4912-bb96-1272165b0a1c"/>
<objectids-entry key="Default zone¤web1¤checking_order_info" objectid="140" type="BASIC_LOGICAL_CONTAINER" value="cf4bf8a1-8654-4558-ae8b-347d6f4256ad"/>
<objectids-entry key="Default zone¤web1¤checking_order_info" objectid="141" type="HTTP_PAGE" value="bd333cc6-67bb-43d4-91f5-b262ce58ea8d"/>
<objectids-entry key="Default zone¤web1¤checking_order_info" objectid="142" type="ACTION" value="ea9117cb-fde1-48bb-a4b5-dfd221946a7a"/>
<objectids-entry key="Default zone¤web1¤checking_order_info" objectid="143" type="BASIC_LOGICAL_CONTAINER" value="4c5b86e6-d847-4b04-9328-ee68a0d6b5d8"/>
<objectids-entry key="Default zone¤web1¤checking_order_info" objectid="144" type="HTTP_PAGE" value="0d4ad9e4-4a97-4b4f-9b76-ca9198e6bd18"/>
<objectids-entry key="Default zone¤web1¤checking_order_info" objectid="145" type="ACTION" value="86306609-d250-45ee-94fc-2292aace90e9"/>
<objectids-entry key="Default zone¤web1¤checking_order_info" objectid="146" type="BASIC_LOGICAL_CONTAINER" value="87176fb6-b7c6-487c-af88-86114ea8453a"/>
<objectids-entry key="Default zone¤web1¤checking_order_info" objectid="147" type="HTTP_PAGE" value="1251daeb-2472-49fb-b5e3-f9a6fd9bfab3"/>
<objectids-entry key="Default zone¤web1¤checking_order_info" objectid="148" type="ACTION" value="a07e5a55-55e1-4ed1-97e9-3a27faa7ef29"/>
<objectids-entry key="Default zone¤web1¤checking_order_info" objectid="149" type="ACTION" value="cc12b5e0-b320-445d-9904-6c3018dfde72"/>
<objectids-entry key="Default zone¤web1¤checking_order_info" objectid="150" type="BASIC_LOGICAL_CONTAINER" value="$parent=checking_order_info;$index=2"/>
<objectids-entry key="Default zone¤web1¤checking_product_price" objectid="151" type="VIRTUAL_USER" value="checking_product_price"/>
<objectids-entry key="Default zone¤web1¤checking_product_price" objectid="152" type="BASIC_LOGICAL_CONTAINER" value="$parent=checking_product_price;$index=0"/>
<objectids-entry key="Default zone¤web1¤checking_product_price" objectid="153" type="BASIC_LOGICAL_CONTAINER" value="$parent=checking_product_price;$index=1"/>
<objectids-entry key="Default zone¤web1¤checking_product_price" objectid="154" type="BASIC_LOGICAL_CONTAINER" value="eafac491-cebc-4106-8dd9-a0c9a3a843e4"/>
<objectids-entry key="Default zone¤web1¤checking_product_price" objectid="155" type="HTTP_PAGE" value="33c2f4b3-6891-4004-93f1-63105a72927d"/>
<objectids-entry key="Default zone¤web1¤checking_product_price" objectid="156" type="ACTION" value="99197302-554f-43ee-be9b-076fd7c59062"/>
<objectids-entry key="Default zone¤web1¤checking_product_price" objectid="157" type="BASIC_LOGICAL_CONTAINER" value="8536d8c8-9735-4595-8280-e1058d6cb685"/>
<objectids-entry key="Default zone¤web1¤checking_product_price" objectid="158" type="HTTP_PAGE" value="0ca69700-a735-48e9-87ab-1c0e5c8b349f"/>
<objectids-entry key="Default zone¤web1¤checking_product_price" objectid="159" type="ACTION" value="e04c4db6-ec6f-4879-87f7-5bf9065bea85"/>
<objectids-entry key="Default zone¤web1¤checking_product_price" objectid="160" type="BASIC_LOGICAL_CONTAINER" value="fa6878b4-81e3-42bb-84d3-97e840e4cf6c"/>
<objectids-entry key="Default zone¤web1¤checking_product_price" objectid="161" type="HTTP_PAGE" value="aa82840b-4880-445a-a30d-0ad281fdc339"/>
<objectids-entry key="Default zone¤web1¤checking_product_price" objectid="162" type="ACTION" value="afe0dc67-1760-4e40-855e-9c6695e9dd8a"/>
<objectids-entry key="Default zone¤web1¤checking_product_price" objectid="163" type="ACTION" value="bf1cc31c-980d-40ed-b222-7ac4b6b125b8"/>
<objectids-entry key="Default zone¤web1¤checking_product_price" objectid="164" type="BASIC_LOGICAL_CONTAINER" value="af35d20e-23ef-4cbe-b3c4-975e3478a2b8"/>
<objectids-entry key="Default zone¤web1¤checking_product_price" objectid="165" type="HTTP_PAGE" value="af62d509-97c5-498b-a179-0bd63cfd508a"/>
<objectids-entry key="Default zone¤web1¤checking_product_price" objectid="166" type="ACTION" value="26cf2dc5-13d5-415e-8d64-6fd0baad832b"/>
<objectids-entry key="Default zone¤web1¤checking_product_price" objectid="167" type="BASIC_LOGICAL_CONTAINER" value="16224d0a-126f-4504-9451-ea15debab234"/>
<objectids-entry key="Default zone¤web1¤checking_product_price" objectid="168" type="HTTP_PAGE" value="e61de3a6-cd52-415d-b61c-7d8d9a0d0199"/>
<objectids-entry key="Default zone¤web1¤checking_product_price" objectid="169" type="ACTION" value="9d7da0fe-089f-476a-a330-44cc7564dfb7"/>
<objectids-entry key="Default zone¤web1¤checking_product_price" objectid="170" type="BASIC_LOGICAL_CONTAINER" value="ebfdbe8b-b71a-4888-a844-7d6cdc8d429f"/>
<objectids-entry key="Default zone¤web1¤checking_product_price" objectid="171" type="HTTP_PAGE" value="a77782ca-a298-4304-9eef-9793dc016d22"/>
<objectids-entry key="Default zone¤web1¤checking_product_price" objectid="172" type="ACTION" value="92366cac-7d55-4410-b87a-19fcb8f78ab0"/>
<objectids-entry key="Default zone¤web1¤checking_product_price" objectid="173" type="ACTION" value="402fd5be-79a8-4ee9-a3ff-72c40fea7d5f"/>
<objectids-entry key="Default zone¤web1¤checking_product_price" objectid="174" type="BASIC_LOGICAL_CONTAINER" value="$parent=checking_product_price;$index=2"/>
<objectids-entry key="Default zone¤web1¤searching_the_product" objectid="175" type="VIRTUAL_USER" value="searching_the_product"/>
<objectids-entry key="Default zone¤web1¤searching_the_product" objectid="176" type="BASIC_LOGICAL_CONTAINER" value="$parent=searching_the_product;$index=0"/>
<objectids-entry key="Default zone¤web1¤searching_the_product" objectid="177" type="BASIC_LOGICAL_CONTAINER" value="$parent=searching_the_product;$index=1"/>
<objectids-entry key="Default zone¤web1¤searching_the_product" objectid="178" type="BASIC_LOGICAL_CONTAINER" value="6a8c6f22-be5a-4fd0-8125-f3336ff9fa51"/>
<objectids-entry key="Default zone¤web1¤searching_the_product" objectid="179" type="HTTP_PAGE" value="63d3d26d-5e3f-4122-a426-253937369595"/>
<objectids-entry key="Default zone¤web1¤searching_the_product" objectid="180" type="ACTION" value="882a5e7d-f695-4875-b8a0-cb1443a73824"/>
<objectids-entry key="Default zone¤web1¤searching_the_product" objectid="181" type="BASIC_LOGICAL_CONTAINER" value="abc625d2-9233-416b-af5c-2127c5ff32a0"/>
<objectids-entry key="Default zone¤web1¤searching_the_product" objectid="182" type="HTTP_PAGE" value="8f228062-6085-4e6a-8401-569fc670c810"/>
<objectids-entry key="Default zone¤web1¤searching_the_product" objectid="183" type="ACTION" value="4c324d15-ff64-482c-9c37-0f37be4cc199"/>
<objectids-entry key="Default zone¤web1¤searching_the_product" objectid="184" type="ACTION" value="0af85e89-159d-4fd2-b032-137774a5a006"/>
<objectids-entry key="Default zone¤web1¤searching_the_product" objectid="185" type="BASIC_LOGICAL_CONTAINER" value="$parent=searching_the_product;$index=2"/>
<objectids-entry key="¤¤" objectid="186" type="MONITORED_HOST" value="NeoLoad"/>
<objectids-entry key="¤¤" objectid="187" type="MONITORCONNECTION" value="NeoLoad$NeoLoad"/>
<objectids-entry key="¤¤" objectid="188" type="MONITOR" value="NeoLoad$NeoLoad$UserLoad"/>
<objectids-entry key="¤¤" objectid="189" type="MONITOR" value="NeoLoad$NeoLoad$throughput"/>
<objectids-entry key="¤¤" objectid="190" type="MONITOR" value="NeoLoad$NeoLoad$Alerts"/>
<objectids-entry key="¤¤" objectid="191" type="MONITOR" value="NeoLoad$NeoLoad$CriticalAlerts"/>
<objectids-entry key="¤¤" objectid="192" type="MONITOR" value="NeoLoad$NeoLoad$WarningAlerts"/>
<objectids-entry key="¤¤" objectid="193" type="MONITOR" value="NeoLoad$NeoLoad$cpu"/>
<objectids-entry key="¤¤" objectid="194" type="THRESHOLD" value="NeoLoad$NeoLoad$15f69966-fea2-4f5f-ab03-628621d7125a"/>
<objectids-entry key="¤¤" objectid="195" type="MONITOR" value="NeoLoad$NeoLoad$memory"/>
<objectids-entry key="¤¤" objectid="196" type="THRESHOLD" value="NeoLoad$NeoLoad$c413f91b-5e82-4a1b-8c4b-27e7cf6be4f0"/>
<objectids-entry key="¤¤" objectid="197" type="MONITOR" value="NeoLoad$NeoLoad$threadcount"/>
<objectids-entry key="¤¤" objectid="198" type="MONITOR" value="NeoLoad$NeoLoad$connectedlg"/>
<objectids-entry key="¤¤" objectid="199" type="MONITOR" value="NeoLoad$NeoLoad$totallgdisconnections"/>
<objectids-entry key="¤¤" objectid="200" type="THRESHOLD" value="NeoLoad$NeoLoad$c399b62c-66a1-46ae-883d-1f65774f6219"/>
<objectids-entry key="¤¤" objectid="201" type="MONITOR" value="NeoLoad$NeoLoad$totallgreconnections"/>
<objectids-entry key="¤¤" objectid="202" type="MONITOR" value="NeoLoad$NeoLoad$otcp.NeoLoad"/>
<objectids-entry key="¤¤" objectid="203" type="MONITOR" value="NeoLoad$NeoLoad$tcp.NeoLoad"/>
<objectids-entry key="¤¤" objectid="204" type="MONITOR" value="NeoLoad$NeoLoad$ibytesperinterface~NeoLoad~wlan0"/>
<objectids-entry key="¤¤" objectid="205" type="MONITOR" value="NeoLoad$NeoLoad$obytesperinterface~NeoLoad~wlan0"/>
<objectids-entry key="¤¤" objectid="206" type="MONITOR" value="NeoLoad$NeoLoad$ibytesperinterface~NeoLoad~eth1"/>
<objectids-entry key="¤¤" objectid="207" type="MONITOR" value="NeoLoad$NeoLoad$obytesperinterface~NeoLoad~eth1"/>
<objectids-entry key="¤¤" objectid="208" type="MONITOR" value="NeoLoad$NeoLoad$ibytesperinterface~NeoLoad~wlan2"/>
<objectids-entry key="¤¤" objectid="209" type="MONITOR" value="NeoLoad$NeoLoad$obytesperinterface~NeoLoad~wlan2"/>
<objectids-entry key="¤¤" objectid="210" type="MONITOR" value="NeoLoad$NeoLoad$SapUserLoad"/>
<objectids-entry key="¤¤" objectid="211" type="MONITOR" value="NeoLoad$NeoLoad$CitrixUserLoad"/>
<objectids-entry key="¤¤" objectid="212" type="MONITOR" value="NeoLoad$NeoLoad$zoneuserload~Default zone"/>
<objectids-entry key="¤¤" objectid="213" type="MONITOR" value="NeoLoad$NeoLoad$zoneuserloadperpopulation~Default zone~web1"/>
<objectids-entry key="¤¤" objectid="214" type="MONITOR" value="NeoLoad$NeoLoad$zoneuserloadperpopulation~Default zone~web1~product_booking_flow"/>
<objectids-entry key="¤¤" objectid="215" type="MONITOR" value="NeoLoad$NeoLoad$zoneuserloadperpopulation~Default zone~web1~sign_in_out"/>
<objectids-entry key="¤¤" objectid="216" type="MONITOR" value="NeoLoad$NeoLoad$zoneuserloadperpopulation~Default zone~web1~addto_cart_flow"/>
<objectids-entry key="¤¤" objectid="217" type="MONITOR" value="NeoLoad$NeoLoad$zoneuserloadperpopulation~Default zone~web1~profile_update"/>
<objectids-entry key="¤¤" objectid="218" type="MONITOR" value="NeoLoad$NeoLoad$zoneuserloadperpopulation~Default zone~web1~checking_order_info"/>
<objectids-entry key="¤¤" objectid="219" type="MONITOR" value="NeoLoad$NeoLoad$zoneuserloadperpopulation~Default zone~web1~checking_product_price"/>
<objectids-entry key="¤¤" objectid="220" type="MONITOR" value="NeoLoad$NeoLoad$zoneuserloadperpopulation~Default zone~web1~searching_the_product"/>
<objectids-entry key="¤¤" objectid="221" type="MONITORED_HOST" value="LG localhost:7100"/>
<objectids-entry key="¤¤" objectid="222" type="MONITORCONNECTION" value="LG localhost:7100$NeoLoad"/>
<objectids-entry key="¤¤" objectid="223" type="MONITOR" value="LG localhost:7100$NeoLoad$lgcpu.localhost:7100"/>
<objectids-entry key="¤¤" objectid="224" type="THRESHOLD" value="LG localhost:7100$NeoLoad$04c4429b-b930-4288-8703-dbc1bf1f9f05"/>
<objectids-entry key="¤¤" objectid="225" type="MONITOR" value="LG localhost:7100$NeoLoad$lgmemory.localhost:7100"/>
<objectids-entry key="¤¤" objectid="226" type="THRESHOLD" value="LG localhost:7100$NeoLoad$b8520bb3-3362-4ad7-82a8-fb5de3644f71"/>
<objectids-entry key="¤¤" objectid="227" type="MONITOR" value="LG localhost:7100$NeoLoad$lgthroughput.localhost:7100"/>
<objectids-entry key="¤¤" objectid="228" type="MONITOR" value="LG localhost:7100$NeoLoad$lguserloadperpopulation~localhost:7100"/>
<objectids-entry key="¤¤" objectid="229" type="MONITOR" value="LG localhost:7100$NeoLoad$lgthreadcount.localhost:7100"/>
<objectids-entry key="¤¤" objectid="230" type="MONITOR" value="LG localhost:7100$NeoLoad$lg.jetty.httpclient.threadpool.used.localhost:7100"/>
<objectids-entry key="¤¤" objectid="231" type="MONITOR" value="LG localhost:7100$NeoLoad$lg.jetty.httpclient.taskpool.used.localhost:7100"/>
<objectids-entry key="¤¤" objectid="232" type="THRESHOLD" value="LG localhost:7100$NeoLoad$f905beb8-68a9-4079-9ec6-4e7686201f37"/>
<objectids-entry key="¤¤" objectid="233" type="MONITOR" value="LG localhost:7100$NeoLoad$lgdisconnections.localhost:7100"/>
<objectids-entry key="¤¤" objectid="234" type="MONITOR" value="LG localhost:7100$NeoLoad$lgreconnections.localhost:7100"/>
<objectids-entry key="¤¤" objectid="235" type="MONITOR" value="LG localhost:7100$NeoLoad$lgping.localhost:7100"/>
<objectids-entry key="¤¤" objectid="236" type="MONITOR" value="LG localhost:7100$NeoLoad$lgotcp.localhost:7100"/>
<objectids-entry key="¤¤" objectid="237" type="MONITOR" value="LG localhost:7100$NeoLoad$lgtcp.localhost:7100"/>
<objectids-entry key="¤¤" objectid="238" type="MONITOR" value="LG localhost:7100$NeoLoad$lgibytesperinterface~localhost:7100~wlan0"/>
<objectids-entry key="¤¤" objectid="239" type="MONITOR" value="LG localhost:7100$NeoLoad$lgobytesperinterface~localhost:7100~wlan0"/>
<objectids-entry key="¤¤" objectid="240" type="MONITOR" value="LG localhost:7100$NeoLoad$lgibytesperinterface~localhost:7100~eth1"/>
<objectids-entry key="¤¤" objectid="241" type="MONITOR" value="LG localhost:7100$NeoLoad$lgobytesperinterface~localhost:7100~eth1"/>
<objectids-entry key="¤¤" objectid="242" type="MONITOR" value="LG localhost:7100$NeoLoad$lgibytesperinterface~localhost:7100~wlan2"/>
<objectids-entry key="¤¤" objectid="243" type="MONITOR" value="LG localhost:7100$NeoLoad$lgobytesperinterface~localhost:7100~wlan2"/>
</objectids-table>
<!--****** DURATION ******-->
<duration value="0"/>
<!--****** AGGREGATION PERIOD ******-->
<aggregation-period value="1000"/>
<!--****** EXTENDED STATISTICS ******-->
<truncated-mean centered-interval="true" percentage="90"/>
<percentile percentage="50"/>
</project>
